delete from str_in_arrivo;
delete from magazzino;
delete from lista_ordine;
delete from ordine;
delete from registro;
delete from DIPENDENTE_NEGOZIO;
delete from fornitore;
delete from promozione;
delete from prenotazione;
delete from acquista;
delete from cliente;
delete from strumento;

--STRUMENTO
INSERT INTO STRUMENTO(N_SERIE,MODELLO,MARCA,TIPO,CATEGORIA,PREZZO) VALUES('00001','Stratocaster','Yamaha','elettrica','chitarra',250);
INSERT INTO STRUMENTO(N_SERIE,MODELLO,MARCA,TIPO,CATEGORIA,PREZZO) VALUES('00002','Telecaster','Fender','elettrica','chitarra',720);
INSERT INTO STRUMENTO(N_SERIE,MODELLO,MARCA,TIPO,CATEGORIA,PREZZO) VALUES('00003','Les_Paul','Gibson','elettrica','chitarra',1200);
INSERT INTO STRUMENTO(N_SERIE,MODELLO,MARCA,TIPO,CATEGORIA,PREZZO) VALUES('00004',null,'Yamaha','acustica','chitarra',350);
INSERT INTO STRUMENTO(N_SERIE,MODELLO,MARCA,TIPO,CATEGORIA,PREZZO) VALUES('00005','Verticale','Roland','digitale','pianoforte',800);
INSERT INTO STRUMENTO(N_SERIE,MODELLO,MARCA,TIPO,CATEGORIA,PREZZO) VALUES('00006','Palcoscenico','Casio','digitale','pianoforte',500);
INSERT INTO STRUMENTO(N_SERIE,MODELLO,MARCA,TIPO,CATEGORIA,PREZZO) VALUES('00007',null,'Nord','elettrica','pianoforte','3425');
INSERT INTO STRUMENTO(N_SERIE,MODELLO,MARCA,TIPO,CATEGORIA,PREZZO) VALUES('00008','Palcoscenico','Alesis','sintetizzatore','tastiera',750);
INSERT INTO STRUMENTO(N_SERIE,MODELLO,MARCA,TIPO,CATEGORIA,PREZZO) VALUES('00009',null,'Roland','elettrica','batteria',1000);
INSERT INTO STRUMENTO(N_SERIE,MODELLO,MARCA,TIPO,CATEGORIA,PREZZO) VALUES('00010',null,'Yamaha','elettrica','batteria',600);
INSERT INTO STRUMENTO(N_SERIE,MODELLO,MARCA,TIPO,CATEGORIA,PREZZO) VALUES('00011',null,'Tama','acustica','batteria',800);
INSERT INTO STRUMENTO(N_SERIE,MODELLO,MARCA,TIPO,CATEGORIA,PREZZO) VALUES('00012',null,'Yamaha','acustica','batteria',1070);
INSERT INTO STRUMENTO(N_SERIE,MODELLO,MARCA,TIPO,CATEGORIA,PREZZO) VALUES('00013','Stratocaster','Fender','elettrica','chitarra',740);
INSERT INTO STRUMENTO(N_SERIE,MODELLO,MARCA,TIPO,CATEGORIA,PREZZO) VALUES('00014','Orizzontale','Roland','elettrico','pianoforte',740);
INSERT INTO STRUMENTO(N_SERIE,MODELLO,MARCA,TIPO,CATEGORIA,PREZZO) VALUES('00015',null,'Taylor','acustica','chitarra',600);
INSERT INTO STRUMENTO(N_SERIE,MODELLO,MARCA,TIPO,CATEGORIA,PREZZO) VALUES('00016','Hollowbody','Ibanez','elettrica','chitarra',500);
INSERT INTO STRUMENTO(N_SERIE,MODELLO,MARCA,TIPO,CATEGORIA,PREZZO) VALUES('00017','Hollowbody','Gibson','elettrica','chitarra',1400);
INSERT INTO STRUMENTO(N_SERIE,MODELLO,MARCA,TIPO,CATEGORIA,PREZZO) VALUES('00018','Sr','Ibanez','elettrico','basso',410);
INSERT INTO STRUMENTO(N_SERIE,MODELLO,MARCA,TIPO,CATEGORIA,PREZZO) VALUES('00019','Precision','Fender','elettrico','basso',800);
INSERT INTO STRUMENTO(N_SERIE,MODELLO,MARCA,TIPO,CATEGORIA,PREZZO) VALUES('00020',null,'Yamaha','elettrico','basso',300);
INSERT INTO STRUMENTO(N_SERIE,MODELLO,MARCA,TIPO,CATEGORIA,PREZZO) VALUES('00021',null,'Ibanez','acustico','basso',280);
INSERT INTO STRUMENTO(N_SERIE,MODELLO,MARCA,TIPO,CATEGORIA,PREZZO) VALUES('00022','Orrizontale','Yamaha','elettrico','pianoforte',790);
INSERT INTO STRUMENTO(N_SERIE,MODELLO,MARCA,TIPO,CATEGORIA,PREZZO) VALUES('00023','Stratocaster','Yamaha','elettrica','chitarra',350);
INSERT INTO STRUMENTO(N_SERIE,MODELLO,MARCA,TIPO,CATEGORIA,PREZZO) VALUES('00024','Les_Paul','Epiphone','elettrica','chitarra',600);
INSERT INTO STRUMENTO(N_SERIE,MODELLO,MARCA,TIPO,CATEGORIA,PREZZO) VALUES('00025',null,'Yamaha','elettrica','batteria',570);
INSERT INTO STRUMENTO(N_SERIE,MODELLO,MARCA,TIPO,CATEGORIA,PREZZO) VALUES('00026',null,'Pearl','elettrica','batteria',1200);
INSERT INTO STRUMENTO(N_SERIE,MODELLO,MARCA,TIPO,CATEGORIA,PREZZO) VALUES('00027',null,'Taylor','elettroacustica','chitarra',900);
INSERT INTO STRUMENTO(N_SERIE,MODELLO,MARCA,TIPO,CATEGORIA,PREZZO) VALUES('00028',null,'Yamaha','sintetizzatore','tastiera',1400);
INSERT INTO STRUMENTO(N_SERIE,MODELLO,MARCA,TIPO,CATEGORIA,PREZZO) VALUES('00029','Palcoscenico','Roland','digitale','pianoforte',1400);
INSERT INTO STRUMENTO(N_SERIE,MODELLO,MARCA,TIPO,CATEGORIA,PREZZO) VALUES('00030','Jazz','Fender','elettrico','basso',1400);

--CLIETE
INSERT INTO CLIENTE(SSN,C_NOME,C_COGNOME,INDIRIZZO,C_TIPO) VALUES('10000','Santa','Pazienza','5631 Rice, Houston, TX','Privato');
INSERT INTO CLIENTE(SSN,C_NOME,C_COGNOME,INDIRIZZO,C_TIPO) VALUES('10001','Assunta','Licenziato','417 Hancock Ave, Chicago, IL','Pubblico');
INSERT INTO CLIENTE(SSN,C_NOME,C_COGNOME,INDIRIZZO,C_TIPO) VALUES('10002','Margherita','Pizza','6234 Lincoln, Chicago, IL','Privato');
INSERT INTO CLIENTE(SSN,C_NOME,C_COGNOME,INDIRIZZO,C_TIPO) VALUES('10003','Felice','Evacuo','987 Windy St, Milwaukee, WI','Pubblico');
INSERT INTO CLIENTE(SSN,C_NOME,C_COGNOME,INDIRIZZO,C_TIPO) VALUES('10004','Emiliana','Lasagna','5631 Rice, Houston, TX','Pubblico');
INSERT INTO CLIENTE(SSN,C_NOME,C_COGNOME,INDIRIZZO,C_TIPO) VALUES('10005','Franco','Forte','112 Third St, Milwaukee, WI','Privato');
INSERT INTO CLIENTE(SSN,C_NOME,C_COGNOME,INDIRIZZO,C_TIPO) VALUES('10006','Bella','Parlapiano','123 Peachtree, Atlanta, GA','Pubblico');
INSERT INTO CLIENTE(SSN,C_NOME,C_COGNOME,INDIRIZZO,C_TIPO) VALUES('10007','Rosa','Foglio','4333 Pillsbury, Milwaukee, WI','Pubblico');

--FORNITORE
INSERT INTO FORNITORE(ID_FORNITORE,F_NOME,INDIRIZZO,N_TELEFONO) VALUES('40000','Yamaha','Hamamatsu, JN','1111122222');
INSERT INTO FORNITORE(ID_FORNITORE,F_NOME,INDIRIZZO,N_TELEFONO) VALUES('40001','Fender','Scottsdale, USA','2222211111');
INSERT INTO FORNITORE(ID_FORNITORE,F_NOME,INDIRIZZO,N_TELEFONO) VALUES('40002','Roland','Hamamatsu, JN','2222233333');
INSERT INTO FORNITORE(ID_FORNITORE,F_NOME,INDIRIZZO,N_TELEFONO) VALUES('40003','Casio','Tokyo, JN','2222244444');
INSERT INTO FORNITORE(ID_FORNITORE,F_NOME,INDIRIZZO,N_TELEFONO) VALUES('40004','Gibson','Nashville, USA','2222255555');
INSERT INTO FORNITORE(ID_FORNITORE,F_NOME,INDIRIZZO,N_TELEFONO) VALUES('40005','Tama','Nagoya, JN','2222266666');
INSERT INTO FORNITORE(ID_FORNITORE,F_NOME,INDIRIZZO,N_TELEFONO) VALUES('40006','Nord','Stockholm, SWE','2222266666');
INSERT INTO FORNITORE(ID_FORNITORE,F_NOME,INDIRIZZO,N_TELEFONO) VALUES('40007','Taylor','El Cajon, USA','2222277777');
INSERT INTO FORNITORE(ID_FORNITORE,F_NOME,INDIRIZZO,N_TELEFONO) VALUES('40008','Ibanez','Nagoya, JN','2222288888');
INSERT INTO FORNITORE(ID_FORNITORE,F_NOME,INDIRIZZO,N_TELEFONO) VALUES('40009','Epiphone','Nashville, USA','2222299999');
INSERT INTO FORNITORE(ID_FORNITORE,F_NOME,INDIRIZZO,N_TELEFONO) VALUES('40010','Pearl','Chiba, JN','1111133333');

--DIPENDENTE_NEGOZIO
INSERT INTO DIPENDENTE_NEGOZIO(CF,D_NOME,D_COGNOME,DATA_N,SALARIO,N_GIORNI_LAVORATIVI,DISCRIMINATORE) VALUES('888665555','Alessandro','Cattelan',to_date('11/05/1980','dd/mm/yyyy'),2000,15,'RESPON_FORN');
INSERT INTO DIPENDENTE_NEGOZIO(CF,D_NOME,D_COGNOME,DATA_N,SALARIO,N_GIORNI_LAVORATIVI,DISCRIMINATORE) VALUES('777443333','Loredana','Berte',to_date('20/09/1950','dd/mm/yyyy'),1400, 17 ,'RESPON_FORN');
INSERT INTO DIPENDENTE_NEGOZIO(CF,D_NOME,D_COGNOME,DATA_N,SALARIO,N_GIORNI_LAVORATIVI,DISCRIMINATORE) VALUES('333445555','Laura','Pausini',to_date('16/05/1974','dd/mm/yyyy'), 1600, 20,'DIPENDENTE');
INSERT INTO DIPENDENTE_NEGOZIO(CF,D_NOME,D_COGNOME,DATA_N,SALARIO,N_GIORNI_LAVORATIVI,dISCRIMINATORE) VALUES('756395693','Emma','Marrone',to_date('25/05/1984','dd/mm/yyyy'), 800, 10 ,'DIPENDENTE');
INSERT INTO DIPENDENTE_NEGOZIO(CF,D_NOME,D_COGNOME,DATA_N,SALARIO,N_GIORNI_LAVORATIVI,DISCRIMINATORE) VALUES('987654321','Chiara','Ferragni',to_date('07/05/1987','dd/mm/yyyy'),1200, 15 , 'DIPENDENTE');
INSERT INTO DIPENDENTE_NEGOZIO(CF,D_NOME,D_COGNOME,DATA_N,SALARIO,N_GIORNI_LAVORATIVI,dISCRIMINATORE) VALUES('333815375','Hugo','Boss',to_date('15/11/1967','dd/mm/yyyy'), 3000, 10 ,'CAPO_NEGOZIO');

--REGISTRO    --UN MESE DI LAVARO
INSERT INTO REGISTRO(CF,DATA_PRESENZA, ORE_LAVORO) VALUES('888665555', to_date('01/06/2022','dd/mm/yyyy'), 8);
INSERT INTO REGISTRO(CF,DATA_PRESENZA, ORE_LAVORO) VALUES('888665555', to_date('04/06/2022','dd/mm/yyyy'), 8);
INSERT INTO REGISTRO(CF,DATA_PRESENZA, ORE_LAVORO) VALUES('888665555', to_date('05/06/2022','dd/mm/yyyy'), 7);
INSERT INTO REGISTRO(CF,DATA_PRESENZA, ORE_LAVORO) VALUES('888665555', to_date('06/06/2022','dd/mm/yyyy'), 8);
INSERT INTO REGISTRO(CF,DATA_PRESENZA, ORE_LAVORO) VALUES('888665555', to_date('08/06/2021','dd/mm/yyyy'), 7);
INSERT INTO REGISTRO(CF,DATA_PRESENZA, ORE_LAVORO) VALUES('888665555', to_date('11/06/2022','dd/mm/yyyy'), 9);
INSERT INTO REGISTRO(CF,DATA_PRESENZA, ORE_LAVORO) VALUES('888665555', to_date('12/06/2022','dd/mm/yyyy'), 10);
INSERT INTO REGISTRO(CF,DATA_PRESENZA, ORE_LAVORO) VALUES('888665555', to_date('13/06/2022','dd/mm/yyyy'), 8);
INSERT INTO REGISTRO(CF,DATA_PRESENZA, ORE_LAVORO) VALUES('888665555', to_date('15/06/2021','dd/mm/yyyy'), 6);
INSERT INTO REGISTRO(CF,DATA_PRESENZA, ORE_LAVORO) VALUES('888665555', to_date('18/06/2022','dd/mm/yyyy'), 7);
INSERT INTO REGISTRO(CF,DATA_PRESENZA, ORE_LAVORO) VALUES('888665555', to_date('19/06/2022','dd/mm/yyyy'), 8);
INSERT INTO REGISTRO(CF,DATA_PRESENZA, ORE_LAVORO) VALUES('888665555', to_date('20/06/2022','dd/mm/yyyy'), 7);
INSERT INTO REGISTRO(CF,DATA_PRESENZA, ORE_LAVORO) VALUES('888665555', to_date('25/06/2022','dd/mm/yyyy'), 6);
INSERT INTO REGISTRO(CF,DATA_PRESENZA, ORE_LAVORO) VALUES('888665555', to_date('26/06/2022','dd/mm/yyyy'), 5);
INSERT INTO REGISTRO(CF,DATA_PRESENZA, ORE_LAVORO) VALUES('888665555', to_date('27/06/2022','dd/mm/yyyy'), 12);

INSERT INTO REGISTRO(CF,DATA_PRESENZA, ORE_LAVORO) VALUES('777443333', to_date('01/06/2022','dd/mm/yyyy'), 10);
INSERT INTO REGISTRO(CF,DATA_PRESENZA, ORE_LAVORO) VALUES('777443333', to_date('05/06/2022','dd/mm/yyyy'), 10);
INSERT INTO REGISTRO(CF,DATA_PRESENZA, ORE_LAVORO) VALUES('777443333', to_date('06/06/2022','dd/mm/yyyy'), 10);
INSERT INTO REGISTRO(CF,DATA_PRESENZA, ORE_LAVORO) VALUES('777443333', to_date('07/06/2022','dd/mm/yyyy'), 10);
INSERT INTO REGISTRO(CF,DATA_PRESENZA, ORE_LAVORO) VALUES('777443333', to_date('08/06/2022','dd/mm/yyyy'), 6);
INSERT INTO REGISTRO(CF,DATA_PRESENZA, ORE_LAVORO) VALUES('777443333', to_date('12/06/2022','dd/mm/yyyy'), 6);
INSERT INTO REGISTRO(CF,DATA_PRESENZA, ORE_LAVORO) VALUES('777443333', to_date('13/06/2022','dd/mm/yyyy'), 4);
INSERT INTO REGISTRO(CF,DATA_PRESENZA, ORE_LAVORO) VALUES('777443333', to_date('14/06/2022','dd/mm/yyyy'), 5);
INSERT INTO REGISTRO(CF,DATA_PRESENZA, ORE_LAVORO) VALUES('777443333', to_date('15/06/2022','dd/mm/yyyy'), 6);
INSERT INTO REGISTRO(CF,DATA_PRESENZA, ORE_LAVORO) VALUES('777443333', to_date('19/06/2022','dd/mm/yyyy'), 6);
INSERT INTO REGISTRO(CF,DATA_PRESENZA, ORE_LAVORO) VALUES('777443333', to_date('20/06/2022','dd/mm/yyyy'), 7);
INSERT INTO REGISTRO(CF,DATA_PRESENZA, ORE_LAVORO) VALUES('777443333', to_date('21/06/2022','dd/mm/yyyy'), 8);
INSERT INTO REGISTRO(CF,DATA_PRESENZA, ORE_LAVORO) VALUES('777443333', to_date('22/06/2022','dd/mm/yyyy'), 9);
INSERT INTO REGISTRO(CF,DATA_PRESENZA, ORE_LAVORO) VALUES('777443333', to_date('25/06/2022','dd/mm/yyyy'), 8);
INSERT INTO REGISTRO(CF,DATA_PRESENZA, ORE_LAVORO) VALUES('777443333', to_date('26/06/2022','dd/mm/yyyy'), 6);
INSERT INTO REGISTRO(CF,DATA_PRESENZA, ORE_LAVORO) VALUES('777443333', to_date('27/06/2022','dd/mm/yyyy'), 6);
INSERT INTO REGISTRO(CF,DATA_PRESENZA, ORE_LAVORO) VALUES('777443333', to_date('28/06/2022','dd/mm/yyyy'), 7);

INSERT INTO REGISTRO(CF,DATA_PRESENZA, ORE_LAVORO) VALUES('333445555', to_date('04/06/2022','dd/mm/yyyy'), 6);
INSERT INTO REGISTRO(CF,DATA_PRESENZA, ORE_LAVORO) VALUES('333445555', to_date('05/06/2022','dd/mm/yyyy'), 7);
INSERT INTO REGISTRO(CF,DATA_PRESENZA, ORE_LAVORO) VALUES('333445555', to_date('06/06/2022','dd/mm/yyyy'), 8);
INSERT INTO REGISTRO(CF,DATA_PRESENZA, ORE_LAVORO) VALUES('333445555', to_date('07/06/2022','dd/mm/yyyy'), 9);
INSERT INTO REGISTRO(CF,DATA_PRESENZA, ORE_LAVORO) VALUES('333445555', to_date('08/06/2022','dd/mm/yyyy'), 10);
INSERT INTO REGISTRO(CF,DATA_PRESENZA, ORE_LAVORO) VALUES('333445555', to_date('11/06/2022','dd/mm/yyyy'), 11);
INSERT INTO REGISTRO(CF,DATA_PRESENZA, ORE_LAVORO) VALUES('333445555', to_date('12/06/2022','dd/mm/yyyy'), 12);
INSERT INTO REGISTRO(CF,DATA_PRESENZA, ORE_LAVORO) VALUES('333445555', to_date('13/06/2022','dd/mm/yyyy'), 6);
INSERT INTO REGISTRO(CF,DATA_PRESENZA, ORE_LAVORO) VALUES('333445555', to_date('14/06/2022','dd/mm/yyyy'), 7);
INSERT INTO REGISTRO(CF,DATA_PRESENZA, ORE_LAVORO) VALUES('333445555', to_date('15/06/2022','dd/mm/yyyy'), 5);
INSERT INTO REGISTRO(CF,DATA_PRESENZA, ORE_LAVORO) VALUES('333445555', to_date('18/06/2022','dd/mm/yyyy'), 8);
INSERT INTO REGISTRO(CF,DATA_PRESENZA, ORE_LAVORO) VALUES('333445555', to_date('19/06/2022','dd/mm/yyyy'), 9);
INSERT INTO REGISTRO(CF,DATA_PRESENZA, ORE_LAVORO) VALUES('333445555', to_date('20/06/2022','dd/mm/yyyy'), 10);
INSERT INTO REGISTRO(CF,DATA_PRESENZA, ORE_LAVORO) VALUES('333445555', to_date('21/06/2022','dd/mm/yyyy'), 4);
INSERT INTO REGISTRO(CF,DATA_PRESENZA, ORE_LAVORO) VALUES('333445555', to_date('22/06/2022','dd/mm/yyyy'), 7);
INSERT INTO REGISTRO(CF,DATA_PRESENZA, ORE_LAVORO) VALUES('333445555', to_date('25/06/2022','dd/mm/yyyy'), 6);
INSERT INTO REGISTRO(CF,DATA_PRESENZA, ORE_LAVORO) VALUES('333445555', to_date('26/06/2022','dd/mm/yyyy'), 7);
INSERT INTO REGISTRO(CF,DATA_PRESENZA, ORE_LAVORO) VALUES('333445555', to_date('27/06/2022','dd/mm/yyyy'), 9);
INSERT INTO REGISTRO(CF,DATA_PRESENZA, ORE_LAVORO) VALUES('333445555', to_date('28/06/2022','dd/mm/yyyy'), 6);
INSERT INTO REGISTRO(CF,DATA_PRESENZA, ORE_LAVORO) VALUES('333445555', to_date('29/06/2022','dd/mm/yyyy'), 7);

INSERT INTO REGISTRO(CF,DATA_PRESENZA, ORE_LAVORO) VALUES('756395693', to_date('01/06/2022','dd/mm/yyyy'), 12);
INSERT INTO REGISTRO(CF,DATA_PRESENZA, ORE_LAVORO) VALUES('756395693', to_date('02/06/2022','dd/mm/yyyy'), 10);
INSERT INTO REGISTRO(CF,DATA_PRESENZA, ORE_LAVORO) VALUES('756395693', to_date('03/06/2022','dd/mm/yyyy'), 11);
INSERT INTO REGISTRO(CF,DATA_PRESENZA, ORE_LAVORO) VALUES('756395693', to_date('09/06/2022','dd/mm/yyyy'), 8);
INSERT INTO REGISTRO(CF,DATA_PRESENZA, ORE_LAVORO) VALUES('756395693', to_date('10/06/2022','dd/mm/yyyy'), 6);
INSERT INTO REGISTRO(CF,DATA_PRESENZA, ORE_LAVORO) VALUES('756395693', to_date('16/06/2022','dd/mm/yyyy'), 12);
INSERT INTO REGISTRO(CF,DATA_PRESENZA, ORE_LAVORO) VALUES('756395693', to_date('17/06/2022','dd/mm/yyyy'), 10);
INSERT INTO REGISTRO(CF,DATA_PRESENZA, ORE_LAVORO) VALUES('756395693', to_date('23/06/2022','dd/mm/yyyy'), 7);
INSERT INTO REGISTRO(CF,DATA_PRESENZA, ORE_LAVORO) VALUES('756395693', to_date('14/06/2022','dd/mm/yyyy'), 8);
INSERT INTO REGISTRO(CF,DATA_PRESENZA, ORE_LAVORO) VALUES('756395693', to_date('30/06/2022','dd/mm/yyyy'), 12);

INSERT INTO REGISTRO(CF,DATA_PRESENZA, ORE_LAVORO) VALUES('987654321', to_date('01/06/2022','dd/mm/yyyy'), 6);
INSERT INTO REGISTRO(CF,DATA_PRESENZA, ORE_LAVORO) VALUES('987654321', to_date('04/06/2022','dd/mm/yyyy'), 5);
INSERT INTO REGISTRO(CF,DATA_PRESENZA, ORE_LAVORO) VALUES('987654321', to_date('05/06/2022','dd/mm/yyyy'), 4);
INSERT INTO REGISTRO(CF,DATA_PRESENZA, ORE_LAVORO) VALUES('987654321', to_date('06/06/2022','dd/mm/yyyy'), 9);
INSERT INTO REGISTRO(CF,DATA_PRESENZA, ORE_LAVORO) VALUES('987654321', to_date('08/06/2021','dd/mm/yyyy'), 5);
INSERT INTO REGISTRO(CF,DATA_PRESENZA, ORE_LAVORO) VALUES('987654321', to_date('11/06/2022','dd/mm/yyyy'), 7);
INSERT INTO REGISTRO(CF,DATA_PRESENZA, ORE_LAVORO) VALUES('987654321', to_date('12/06/2022','dd/mm/yyyy'), 7);
INSERT INTO REGISTRO(CF,DATA_PRESENZA, ORE_LAVORO) VALUES('987654321', to_date('13/06/2022','dd/mm/yyyy'), 9);
INSERT INTO REGISTRO(CF,DATA_PRESENZA, ORE_LAVORO) VALUES('987654321', to_date('15/06/2021','dd/mm/yyyy'), 3);
INSERT INTO REGISTRO(CF,DATA_PRESENZA, ORE_LAVORO) VALUES('987654321', to_date('18/06/2022','dd/mm/yyyy'), 5);
INSERT INTO REGISTRO(CF,DATA_PRESENZA, ORE_LAVORO) VALUES('987654321', to_date('19/06/2022','dd/mm/yyyy'), 8);
INSERT INTO REGISTRO(CF,DATA_PRESENZA, ORE_LAVORO) VALUES('987654321', to_date('20/06/2022','dd/mm/yyyy'), 6);
INSERT INTO REGISTRO(CF,DATA_PRESENZA, ORE_LAVORO) VALUES('987654321', to_date('25/06/2022','dd/mm/yyyy'), 7);
INSERT INTO REGISTRO(CF,DATA_PRESENZA, ORE_LAVORO) VALUES('987654321', to_date('26/06/2022','dd/mm/yyyy'), 4);
INSERT INTO REGISTRO(CF,DATA_PRESENZA, ORE_LAVORO) VALUES('987654321', to_date('27/06/2022','dd/mm/yyyy'), 10);

--ORDINE
INSERT INTO ORDINE(ID_ORDINE,ID_FORNITORE,RESPONSABILE,DATA_ACQUISTO,DATA_ARRIVO) VALUES('50000','40000','888665555',to_date('12/02/2021','dd/mm/yyyy'),to_date('21/02/2021','dd/mm/yyyy'));
INSERT INTO ORDINE(ID_ORDINE,ID_FORNITORE,RESPONSABILE,DATA_ACQUISTO,DATA_ARRIVO) VALUES('50001','40001','888665555',to_date('16/03/2021','dd/mm/yyyy'),to_date('01/04/2021','dd/mm/yyyy'));
INSERT INTO ORDINE(ID_ORDINE,ID_FORNITORE,RESPONSABILE,DATA_ACQUISTO,DATA_ARRIVO) VALUES('50002','40005','777443333',to_date('09/03/2021','dd/mm/yyyy'),to_date('12/03/2021','dd/mm/yyyy'));
INSERT INTO ORDINE(ID_ORDINE,ID_FORNITORE,RESPONSABILE,DATA_ACQUISTO,DATA_ARRIVO) VALUES('50003','40002','777443333',to_date('11/04/2021','dd/mm/yyyy'),to_date('29/04/2021','dd/mm/yyyy'));
INSERT INTO ORDINE(ID_ORDINE,ID_FORNITORE,RESPONSABILE,DATA_ACQUISTO,DATA_ARRIVO) VALUES('50004','40008','777443333',to_date('19/01/2022','dd/mm/yyyy'),to_date('03/02/2021','dd/mm/yyyy'));
INSERT INTO ORDINE(ID_ORDINE,ID_FORNITORE,RESPONSABILE,DATA_ACQUISTO,DATA_ARRIVO) VALUES('50005','40000','777443333',to_date('21/03/2022','dd/mm/yyyy'),to_date('12/04/2021','dd/mm/yyyy'));
INSERT INTO ORDINE(ID_ORDINE,ID_FORNITORE,RESPONSABILE,DATA_ACQUISTO,DATA_ARRIVO) VALUES('50006','40004','777443333',to_date('12/05/2022','dd/mm/yyyy'),to_date('15/09/2022','dd/mm/yyyy'));

--LISTA_ORDINE
INSERT INTO LISTA_ORDINE(ID_ORDINE,N_SERIE,PREZZO) VALUES('50000','00001',200);
INSERT INTO LISTA_ORDINE(ID_ORDINE,N_SERIE,PREZZO) VALUES('50000','00004',300);
INSERT INTO LISTA_ORDINE(ID_ORDINE,N_SERIE,PREZZO) VALUES('50000','00010',575);
INSERT INTO LISTA_ORDINE(ID_ORDINE,N_SERIE,PREZZO) VALUES('50000','00012',1000);
INSERT INTO LISTA_ORDINE(ID_ORDINE,N_SERIE,PREZZO) VALUES('50001','00002',650);
INSERT INTO LISTA_ORDINE(ID_ORDINE,N_SERIE,PREZZO) VALUES('50001','00013',675);
INSERT INTO LISTA_ORDINE(ID_ORDINE,N_SERIE,PREZZO) VALUES('50002','00011',750);
INSERT INTO LISTA_ORDINE(ID_ORDINE,N_SERIE,PREZZO) VALUES('50003','00005',750);
INSERT INTO LISTA_ORDINE(ID_ORDINE,N_SERIE,PREZZO) VALUES('50003','00009',970);
INSERT INTO LISTA_ORDINE(ID_ORDINE,N_SERIE,PREZZO) VALUES('50003','00014',680);
INSERT INTO LISTA_ORDINE(ID_ORDINE,N_SERIE,PREZZO) VALUES('50004','00016',470);
INSERT INTO LISTA_ORDINE(ID_ORDINE,N_SERIE,PREZZO) VALUES('50004','00018',345);
INSERT INTO LISTA_ORDINE(ID_ORDINE,N_SERIE,PREZZO) VALUES('50004','00021',250);
INSERT INTO LISTA_ORDINE(ID_ORDINE,N_SERIE,PREZZO) VALUES('50005','00020',280);
INSERT INTO LISTA_ORDINE(ID_ORDINE,N_SERIE,PREZZO) VALUES('50005','00022',740);
INSERT INTO LISTA_ORDINE(ID_ORDINE,N_SERIE,PREZZO) VALUES('50005','00025',530);
INSERT INTO LISTA_ORDINE(ID_ORDINE,N_SERIE,PREZZO) VALUES('50005','00028',1300);
INSERT INTO LISTA_ORDINE(ID_ORDINE,N_SERIE,PREZZO) VALUES('50006','00003',1150);
INSERT INTO LISTA_ORDINE(ID_ORDINE,N_SERIE,PREZZO) VALUES('50006','00017',1280);

--PROMOZIONE
INSERT INTO PROMOZIONE(ID_PROMO,N_SERIE,SCONTO,DATA_INIZIO,DATA_FINE) VALUES('30000','00004',20, to_date('01/02/2022','dd/mm/yyyy'), to_date('14/03/2022','dd/mm/yyyy'));
INSERT INTO PROMOZIONE(ID_PROMO,N_SERIE,SCONTO,DATA_INIZIO,DATA_FINE) VALUES('30001','00011',40, to_date('25/03/2022','dd/mm/yyyy'), to_date('17/04/2022','dd/mm/yyyy'));
INSERT INTO PROMOZIONE(ID_PROMO,N_SERIE,SCONTO,DATA_INIZIO,DATA_FINE) VALUES('30002','00021',10, to_date('19/04/2022','dd/mm/yyyy'), to_date('15/05/2022','dd/mm/yyyy'));
INSERT INTO PROMOZIONE(ID_PROMO,N_SERIE,SCONTO,DATA_INIZIO,DATA_FINE) VALUES('30003','00009',50, to_date('28/03/2022','dd/mm/yyyy'), to_date('30/05/2022','dd/mm/yyyy'));
INSERT INTO PROMOZIONE(ID_PROMO,N_SERIE,SCONTO,DATA_INIZIO,DATA_FINE) VALUES('30004','00022',60, to_date('19/04/2022','dd/mm/yyyy'), to_date('15/05/2022','dd/mm/yyyy'));
INSERT INTO PROMOZIONE(ID_PROMO,N_SERIE,SCONTO,DATA_INIZIO,DATA_FINE) VALUES('30005','00025',30, to_date('28/02/2022','dd/mm/yyyy'), to_date('03/03/2022','dd/mm/yyyy'));


--PRENOTAZIONE
INSERT INTO PRENOTAZIONE(ID_PRENOTAZIONE,N_SERIE,SSN,DATA_PRENOTAZIONE) VALUES('20000','00004','10000',to_date('30/01/2022','dd/mm/yyyy'));
INSERT INTO PRENOTAZIONE(ID_PRENOTAZIONE,N_SERIE,SSN,DATA_PRENOTAZIONE) VALUES('20001','00014','10005',to_date('15/04/2022','dd/mm/yyyy'));
INSERT INTO PRENOTAZIONE(ID_PRENOTAZIONE,N_SERIE,SSN,DATA_PRENOTAZIONE) VALUES('20002','00002','10006',to_date('05/05/2022','dd/mm/yyyy'));
INSERT INTO PRENOTAZIONE(ID_PRENOTAZIONE,N_SERIE,SSN,DATA_PRENOTAZIONE) VALUES('20003','00018','10007',to_date('15/05/2022','dd/mm/yyyy'));
INSERT INTO PRENOTAZIONE(ID_PRENOTAZIONE,N_SERIE,SSN,DATA_PRENOTAZIONE) VALUES('20004','00012','10002',to_date('02/06/2022','dd/mm/yyyy'));
INSERT INTO PRENOTAZIONE(ID_PRENOTAZIONE,N_SERIE,SSN,DATA_PRENOTAZIONE) VALUES('20005','00025','10004',to_date('07/06/2022','dd/mm/yyyy'));
INSERT INTO PRENOTAZIONE(ID_PRENOTAZIONE,N_SERIE,SSN,DATA_PRENOTAZIONE) VALUES('20006','00011','10002',to_date('07/04/2021','dd/mm/yyyy'));

--ACQUISTA
INSERT INTO ACQUISTA(SSN,N_SERIE,PREZZO,DATA_ACQUISTO) VALUES('10001','00001',270,to_date('29/04/2022','dd/mm/yyyy'));
INSERT INTO ACQUISTA(SSN,N_SERIE,PREZZO,DATA_ACQUISTO) VALUES('10004','00010',630,to_date('12/03/2022','dd/mm/yyyy'));
INSERT INTO ACQUISTA(SSN,N_SERIE,PREZZO,DATA_ACQUISTO) VALUES('10003','00005',840,to_date('23/05/2022','dd/mm/yyyy'));
INSERT INTO ACQUISTA(SSN,N_SERIE,PREZZO,DATA_ACQUISTO) VALUES('10007','00018',360,to_date('12/06/2022','dd/mm/yyyy'));
INSERT INTO ACQUISTA(SSN,N_SERIE,PREZZO,DATA_ACQUISTO) VALUES('10000','00013',760,to_date('18/04/2022','dd/mm/yyyy'));














